<?xml version="1.0" encoding="UTF-8"?>
<superheroes>
	
	<!-- Nick Nedd -->
	<hero>
		<personinfo>
			<name>Nick Nedd</name>
			<gender>Male</gender>
			<email>nick@tick.com</email>
			<birthdate>1976</birthdate>
		</personinfo>
		
		<heroinfo>
			<alias>The Tick</alias>
			<spandex>Yes</spandex>
			<strenght>9</strenght>
			<speed>7</speed>
			<intelligence>5</intelligence>
		</heroinfo>
		
		<economy>
			<wealth>0</wealth>
			<income>90 287</income>
			<tax>29 794</tax>
		</economy>
	</hero> 
	

	<!-- Bruce Wayne -->
	<hero>
		<personinfo>
			<name>Bruce Wayne</name>
			<gender>Male</gender>
			<email>bruce@wayneenterprises.com</email>
			<birthdate>1974</birthdate>
		</personinfo>
		
		<heroinfo>
			<alias>Batman</alias>
			<spandex>No</spandex>
			<strenght>7</strenght>
			<speed>4</speed>
			<intelligence>9</intelligence>
		</heroinfo>
		
		<economy>
			<wealth>50 144 501</wealth>
			<income>3 343 891</income>
			<tax>11 132 384</tax>
		</economy>
	</hero>


	<!-- Selina Kyle -->
	<hero>
		<personinfo>
			<name>Selina Kyle</name>
			<gender>Female</gender>
			<email>selina@whiskas.com</email>
			<birthdate>1997</birthdate>
		</personinfo>

		<heroinfo>
			<alias>Catwoman</alias>
			<spandex>Yes</spandex>
			<strenght>6</strenght>
			<speed>6</speed>
			<intelligence>9</intelligence>
		</heroinfo>

		<economy>
			<wealth>2 987 323</wealth>
			<income>0</income>
			<tax>597 464</tax>
		</economy>
	</hero>
</superheroes>